[
  {
    "rows":10675,
    "columns":[
      "CustomerID",
      "Name",
      "State",
      "Education",
      "Gender",
      "Age",
      "Married",
      "NumPets",
      "MonthlySpend",
      "DaysSinceLastInteraction"
    ],
    "null_counts":{
      "CustomerID":0,
      "Name":0,
      "State":0,
      "Education":0,
      "Gender":0,
      "Age":0,
      "Married":0,
      "NumPets":0,
      "MonthlySpend":0,
      "DaysSinceLastInteraction":0
    },
    "dtypes":{
      "CustomerID":"object",
      "Name":"object",
      "State":"object",
      "Education":"object",
      "Gender":"object",
      "Age":"int64",
      "Married":"object",
      "NumPets":"int64",
      "MonthlySpend":"float64",
      "DaysSinceLastInteraction":"int64"
    },
    "unique_counts":{
      "CustomerID":1000,
      "Name":990,
      "State":10,
      "Education":5,
      "Gender":3,
      "Age":63,
      "Married":2,
      "NumPets":5,
      "MonthlySpend":9843,
      "DaysSinceLastInteraction":1605
    }
  }
]